prompt,base,finetuned,comment
Giải thích khái niệm machine learning cho người mới bắt đầu.,"Machine learning là một phân khúc của trí tuệ nhân tạo, nó tập trung vào việc thiết lập các mô hình máy móc để học tập từ dữ liệu và từ đó có thể dự đoán hoặc hành động. Nhìn vào khía cạnh đơn giản, nó có nghĩa là máy tính học tập từ dữ liệu. Mô hình học được từ dữ liệu này có thể thực hiện các tác vụ khác nhau, chẳng hạn như phân loại, dự đoán hoặc dự đoán. Mục đích của machine learning là để máy tính có thể tự động học và cải thiện tinh vi hơn thay vì phải được lập trình một cách thủ công. Điề","Machine learning là một bộ môn công nghệ máy tính dựa trên việc học tập và cải thiện các dự đoán dựa trên dữ liệu mà không có sự hướng dẫn trực tiếp từ người dùng. Nó là một phần của AI (trí tuệ nhân tạo) và sử dụng thuật toán và các mô hình học máy để học từ dữ liệu và từ đó đưa ra các dự đoán hoặc quyết định dựa trên những gì họ đã học. Cụ thể hơn, nó là một cách để cho máy tính học từ dữ liệu và cải thiện khả năng dự đoán của nó theo thời gian. Machine learning bao gồm nhiều kỹ thuật khác nha",TODO: mark as improved / same / degraded in REPORT.md
Viết đoạn code Python tính số Fibonacci thứ n.,"Để tính số Fibonacci thứ n, bạn có thể sử dụng hàm đệ quy hoặc vòng lặp. Đây là một đoạn mã Python cho phép bạn tính số Fibonacci thứ n:

```python
def fibonacci(n):
    if n <= 0:
        return ""N phải là một số dương""
    elif n == 1:
        return 0
    elif n == 2:
        return 1
    else:
        a, b = 0, 1
        for i in range(2, n):
            a, b = b, a + b
        return b

# Sử dụng hàm
print(fibonacci(6))
```

Trong đoạn mã trên, hàm `fibonacci()` được định nghĩa với một tham","Để tính số Fibonacci thứ n, bạn có thể viết một đoạn code Python như sau:

```python
def fibonacci(n):
    if n < 0:
        raise ValueError(""Input phải là một số nguyên dương."")
    elif n == 0:
        return 0
    elif n == 1:
        return 1
    else:
        a, b = 0, 1
        for _ in range(2, n + 1):
            a, b = b, a + b
        return b
```

Độ phức tạp thời gian của hàm này là O(n), vì nó thực hiện một vòng lặp trong n bước. Độ phức tạp không gian của nó là O(1), vì nó chỉ lưu",TODO: mark as improved / same / degraded in REPORT.md
Liệt kê 5 nguyên tắc thiết kế UI/UX.,"1. Thân thiện với người dùng: Mục đích của thiết kế UI/UX là cung cấp trải nghiệm người dùng thân thiện, dễ sử dụng và thân thiện. Điều này có thể được thể hiện thông qua việc sắp xếp bố cục, màu sắc, font chữ, hình ảnh và các yếu tố khác để đảm bảo người dùng có thể dễ dàng sử dụng sản phẩm. 2. Truy cập khả thi: Thiết kế UI/UX phải dễ tiếp cận cho tất cả các người dùng, bao gồm người có khả năng hạn chế về thị giác, khả năng thao tác hoặc ngôn ngữ. Điều này có thể được thể hiện thông qua việc s",1. Chuyển đổi: UI/UX thiết kế phải hướng tới việc giúp người dùng thực hiện hành động. 2. Thích ứng: UI/UX thiết kế phải thích ứng với nhiều loại thiết bị và kích thước màn hình. 3. Đơn giản: UI/UX thiết kế phải dễ dàng sử dụng và dễ hiểu. 4. Tương thích: UI/UX thiết kế phải dễ dàng tương thích với các thiết bị và hệ điều hành khác nhau. 5. Nội dung: UI/UX thiết kế phải cung cấp nội dung hữu ích và phù hợp với mục tiêu của người dùng.,TODO: mark as improved / same / degraded in REPORT.md
Tóm tắt sự khác biệt giữa LoRA và QLoRA.,"LoRA (Low-Rank Adaptation) và QLoRA (Quantized LoRA) là hai phương pháp cải thiện hiệu năng của mô hình NLU (NLP) bằng cách sử dụng các phép biến đổi thấp độ phức tạp. LoRA là phương pháp cải thiện hiệu năng của mô hình bằng cách thay đổi các phép biến đổi trong mô hình bằng các phép biến đổi nhỏ hơn, được gọi là ""LoRA layers"". LoRA layers được xây dựng dựa trên một số thuật toán biến đổi được chọn để cải thiện hiệu suất của mô hình. LoRA cải thiện hiệu suất của mô hình bằng cách tạo ra các phép","LoRA (Layer-wise Adaptive Regularization Optimization) và QLoRA (Quantized LoRA) là hai phương pháp regularization được phát triển để cải thiện hiệu quả và độ ổn định của các mạng neural network trong các mô hình có số lượng các layer lớn. LoRA là một kỹ thuật regularization được sử dụng để cải thiện hiệu quả và độ ổn định của mạng neural network trong các mô hình có số lượng các layer lớn. LoRA được sử dụng để điều chỉnh các layer của mạng neural network riêng biệt, thay vì điều chỉnh toàn bộ m",TODO: mark as improved / same / degraded in REPORT.md
"Phân biệt prompt engineering, RAG, và fine-tuning.","Prompt engineering, RAG (retrieval augmented generation), và fine-tuning là ba cách khác nhau để cải thiện hiệu suất của mô hình máy học. Prompt engineering là một kỹ thuật để cải thiện hiệu suất của mô hình bằng cách cung cấp cho nó một câu hỏi hoặc câu lệnh để dựa vào, thay vì cung cấp dữ liệu đầu vào. Trong prompt engineering, người dùng cung cấp một câu hỏi hoặc câu lệnh, và mô hình máy học trả lời dựa trên thông tin mà nó đã học được. RAG (retrieval augmented generation) là một phương pháp ","Prompt engineering, RAG và fine-tuning là ba kỹ thuật khác nhau được sử dụng trong lĩnh vực AI và tự động hóa. Prompt engineering là một kỹ thuật tập trung vào việc xây dựng câu lệnh (prompt) để giúp hệ thống AI giải quyết các vấn đề và thực hiện các tác vụ. Prompt được sử dụng để cung cấp cho hệ thống thông tin cần thiết để đưa ra kết quả chính xác và hữu ích. Kỹ thuật này thường được sử dụng trong các trường hợp như tự động hóa cuộc hội thoại và chatbot. RAG (Relevance, Accuracy, and Generalit",TODO: mark as improved / same / degraded in REPORT.md
